{"cameraMode":{"drawMode":0,"name":"Shaded","section":"Shading Mode"},"sceneLighting":false,"audioPlay":false,"sceneViewState":{"showFog":true,"showMaterialUpdate":true,"showSkybox":false,"showFlares":true,"showImageEffects":true,"showParticleSystems":true},"in2DMode":false,"pivot":{"x":-10.041999816894532,"y":1.2300000190734864,"z":-17.76099967956543},"rotation":{"x":0.7282354235649109,"y":0.07837700098752976,"z":-0.08448728919029236,"w":0.6755683422088623},"size":2.8578836917877199,"orthographic":true}